{"chn": 0.999997058894505, "usa": 0.9999952401440315, "ind": 0.9999311873355468, "jpn": 0.999549684481068, "deu": 0.9993293574414311, "rus": 0.9991122850579042, "idn": 0.9982442050664603, "fra": 0.9977637695405757, "gbr": 0.9976547776732855, "bra": 0.9972352196206259, "tur": 0.9966180536744723, "mex": 0.9955610069007816, "ita": 0.9955568556878459, "kor": 0.99427538584188, "can": 0.9903161335325897, "esp": 0.9886091795812819, "sau": 0.9753316948937673, "aus": 0.9692149152267193, "pol": 0.9685003444218728, "egy": 0.9564353417642139, "twn": 0.9558886702649911, "tha": 0.9545312073692753, "pak": 0.9519566412676072, "nga": 0.9396455122614371, "vnm": 0.9392651749450106, "irn": 0.9385840049196902, "nld": 0.9303112673585527, "bgd": 0.9282556918050411, "arg": 0.925664037312029, "phl": 0.9008585559855691, "mys": 0.8885199542092505, "zaf": 0.8665163293695403, "col": 0.8447273630229979, "are": 0.7638271261526476, "che": 0.7477437066790109, "bel": 0.7262137837263897, "rou": 0.7036257345579106, "sgp": 0.6935711599550329, "swe": 0.6777415648433323, "ukr": 0.6330014816938418, "irl": 0.629102733062107, "kaz": 0.6154351519562097, "chl": 0.5989410858684239, "dza": 0.5873794043460181, "aut": 0.5780593959181828, "cze": 0.4891703686508546, "per": 0.4464794992373259, "isr": 0.4325869116672033, "irq": 0.3938304627563136, "nor": 0.33851998559006746, "prt": 0.3210972248253076, "dnk": 0.30516539250008273, "hun": 0.26763272313813014, "grc": 0.23757034646717237, "mar": 0.220639842049863, "lka": 0.21558601480409972, "uzb": 0.18312904490321816, "qat": 0.18032116526848033, "fin": 0.16919280087615562, "mmr": 0.1302212690184665, "ken": 0.12555691659449875, "eth": 0.12513333109664437, "nzl": 0.09960209171006731, "ven": 0.09333693659294762, "kwt": 0.07810984831901888, "ecu": 0.06856247465167041, "dom": 0.06837499589613406, "ago": 0.06760288345359469, "blr": 0.055034870884606894, "svk": 0.04721023799116707, "omn": 0.04688672231521953, "gha": 0.04194935058829983, "tza": 0.03753958029431233, "bgr": 0.035298646880907614, "civ": 0.03423763130454004, "sdn": 0.03395588991443947, "lby": 0.0320764651839254, "aze": 0.028035664749716808, "cub": 0.022747398868588717, "srb": 0.020360100537562983, "pan": 0.01694902757827521, "hrv": 0.016443781675997648, "tun": 0.01639368686766057, "ltu": 0.01247782518961429, "npl": 0.011909661403691381, "cri": 0.011808271873444855, "jor": 0.010122350207866528, "cod": 0.010027228799327242, "pry": 0.009213305287615587, "tkm": 0.008029184113903316, "bol": 0.00790262246416425, "gtm": 0.007541826666221277, "uga": 0.007184800995210785, "cmr": 0.006212049656601755, "svn": 0.005110619367782574, "ury": 0.004451487950094049, "yem": 0.0042255157850851375, "lux": 0.0037022807931784067, "bhr": 0.0033847781999811447, "lbn": 0.0029787637749910255, "khm": 0.002607879778109618, "syr": 0.0023797369794693888, "zmb": 0.0019832826585628074, "slv": 0.00197310551871811, "lva": 0.001768488369407124, "sen": 0.001746477006114858, "geo": 0.00153847318572407, "lao": 0.0014820701524281964, "hnd": 0.0011941068644854807, "est": 0.0011522683156307873, "bih": 0.0010577703282865492, "afg": 0.0010541340839179572, "mli": 0.0009014759496469432, "bfa": 0.0008951692349550514, "prk": 0.000627166083089558, "arm": 0.0005703226996758312, "ben": 0.0005397490372600689, "alb": 0.0004959768193940152, "mng": 0.0004938940364877268, "mdg": 0.0004912578749577645, "moz": 0.00043640872622760523, "cyp": 0.0004147893803543981, "tjk": 0.00037461659860491193, "nic": 0.0003702281865528621, "mda": 0.00035520480195145346, "bwa": 0.00033159083187608504, "gin": 0.00029771865236034926, "kgz": 0.0002869051195389391, "hti": 0.0002862320918078819, "png": 0.0002783269752644541, "mwi": 0.00024114565292869802, "zwe": 0.0002321273241512435, "tto": 0.00022162521605996347, "gab": 0.00020860801552943494, "pse": 0.0002062186817975461, "mkd": 0.0001964261600718908, "rwa": 0.00017471295593381953, "ner": 0.00017081486520531934, "jam": 0.00013919357778401767, "brn": 0.00012907660042680072, "mus": 0.00012904794668340685, "nam": 8.982607718263771e-05, "tcd": 8.888723391088951e-05, "mlt": 8.509942932963806e-05, "mrt": 8.448979978116828e-05, "gnq": 7.970153142097667e-05, "kos": 6.564743299430716e-05, "ssd": 6.373619945725747e-05, "isl": 6.137151852165268e-05, "cog": 4.923827901558073e-05, "som": 4.778246588504495e-05, "tgo": 3.166183530902879e-05, "guy": 2.7638619623596923e-05, "sle": 1.5574361952167884e-05, "mne": 1.2639298544289876e-05, "bhs": 1.049749158790579e-05, "swz": 7.712348833535059e-06, "fji": 4.666821037709107e-06, "sur": 4.404802071485233e-06, "bdi": 4.1974128894637636e-06, "btn": 3.286502959146272e-06, "mdv": 2.337150629155063e-06, "tls": 1.6403799528270598e-06, "lbr": 1.5222529160445422e-06, "eri": 1.165555746244736e-06, "lie": 8.954331781783211e-07, "lso": 7.891571550107694e-07, "gmb": 6.869446273509822e-07, "dji": 6.168225242813305e-07, "mco": 4.786095566104174e-07, "caf": 4.7097399458944003e-07, "and": 3.5519196776149044e-07, "blz": 2.9419590479688377e-07, "brb": 2.511152998070351e-07, "cpv": 2.0641543648177752e-07, "gnb": 1.6009685181770935e-07, "syc": 1.155478496028879e-07, "com": 6.619639734002329e-08, "lca": 5.764971455805648e-08, "atg": 3.1761037494447315e-08, "smr": 3.094332110262373e-08, "slb": 2.337518577891898e-08, "grd": 1.5739874364276786e-08, "vct": 1.499580761354866e-08, "kna": 8.099534524273493e-09, "wsm": 5.881474015993409e-09, "stp": 2.657345355306915e-09, "vut": 2.325395646915505e-09, "dma": 1.5006770531324518e-09, "ton": 8.368076502947537e-10, "fsm": 1.4174033595561802e-10, "mhl": 4.078462099771004e-11, "plw": 3.8283726002555324e-11, "kir": 3.74961773491838e-11, "nru": 7.980841849560141e-12, "tuv": 3.4636818311042626e-13, "vat": 2.3195228302435854e-16}